"Country","Year","Married or in-union women of reproductive age who have their need for family planning satisfied with modern methods (%)","Antenatal care coverage - at least four visits (%)","Births by caesarean section (%)","Births attended by skilled health personnel (%)"
"Afghanistan"," 2016-2018","","20.9","","58.8"
"Afghanistan"," 2011-2017","","16.3","",""
"Afghanistan"," 2016","42.1","","",""
"Afghanistan"," 2010-2015","","17.8","2.7",""
"Afghanistan"," 2009-2014","","22.7","",""
"Afghanistan"," 2006-2012","","9.9","",""
"Afghanistan"," 2008-2011","","14.6","",""
"Afghanistan"," 2005-2010","","16.1","",""
"Albania"," 2017-2018","","","","99.8"
"Albania"," 2013","","","34.1",""
"Albania"," 2012-2013","","77.8","",""
"Albania"," 2009","12.9","","",""
"Albania"," 2003-2009","","66.8","",""
"Algeria"," 2013","77.2","","",""
"Algeria"," 2010-2013","","67.3","16.0","96.6"
"Algeria"," 1987-1992","","12.4","",""
"Andorra"," 2017","","","","100.0"
"Angola"," 2016","24.2","","",""
"Angola"," 2010-2016","","61.4","3.7","46.6"
"Angola"," 1994-1996","","31.5","",""
"Antigua and Barbuda"," 2017","","83.3","","100.0"
"Antigua and Barbuda"," 2014","","100.0","",""
"Antigua and Barbuda"," 2012-2013","","100.0","",""
"Antigua and Barbuda"," 2011","","100.0","",""
"Antigua and Barbuda"," 2010","","100.0","",""
"Argentina"," 2017","","","","93.9"
"Argentina"," 2009-2012","","89.8","",""
"Argentina"," 2011","","","29.1",""
"Argentina"," 2002-2005","","89.3","",""
"Armenia"," 2016","40.2","","",""
"Armenia"," 2015-2016","","","","99.8"
"Armenia"," 2010-2016","","96.0","18.0",""
"Armenia"," 2005-2010","","92.8","",""
"Armenia"," 2000-2005","","70.9","",""
"Armenia"," 1995-2000","","64.7","",""
"Australia"," 2016","","94.0","","97.0"
"Australia"," 2015","","95.0","33.3",""
"Australia"," 2014","","95.3","",""
"Australia"," 2013","","95.0","",""
"Australia"," 2012","","94.6","",""
"Australia"," 2011","","94.4","",""
"Australia"," 2010","","90.4","",""
"Australia"," 2009","","91.2","",""
"Australia"," 2008","","92.0","",""
"Australia"," 2007","","91.9","",""
"Austria"," 2017","","","","98.4"
"Austria"," 2016","","","29.5",""
"Azerbaijan"," 2017","","","","99.8"
"Azerbaijan"," 2015","","","27.6",""
"Azerbaijan"," 2006-2011","","66.1","",""
"Azerbaijan"," 2001-2006","","45.2","",""
"Azerbaijan"," 1996-2001","","30.4","",""
"Bahamas"," 2016","","","","99.0"
"Bahamas"," 2014","","83.1","",""
"Bahamas"," 2013","","85.0","",""
"Bahamas"," 2011","","86.0","",""
"Bahamas"," 2010","","86.0","",""
"Bahamas"," 2009","","86.0","",""
"Bahrain"," 2016","","","","99.7"
"Bahrain"," 2015","","","28.0",""
"Bahrain"," 2014","","100.0","",""
"Bahrain"," 2013","","100.0","",""
"Bahrain"," 2012","","100.0","",""
"Bahrain"," 2011","","100.0","",""
"Bahrain"," 2010","","100.0","",""
"Bahrain"," 2007","","100.0","",""
"Bahrain"," 2005","","100.0","",""
"Bahrain"," 2000","","100.0","",""
"Bahrain"," 1995","","100.0","",""
"Bangladesh"," 2017","","","","67.8"
"Bangladesh"," 2013-2016","","37.2","30.7",""
"Bangladesh"," 2014","72.5","","",""
"Bangladesh"," 2011-2014","","31.2","",""
"Bangladesh"," 2010-2013","","24.7 25.0","",""
"Bangladesh"," 2008-2011","","25.5","",""
"Bangladesh"," 2007-2010","","23.4","",""
"Bangladesh"," 2002-2007","","20.6","",""
"Bangladesh"," 1999-2004","","15.9","",""
"Bangladesh"," 1998-2001","","11.6","",""
"Bangladesh"," 1994-2000","","10.5","",""
"Bangladesh"," 1991-1997","","5.8","",""
"Bangladesh"," 1990-1994","","5.5","",""
"Barbados"," 2016","","97.5","","99.0"
"Barbados"," 2015","","97.0","",""
"Barbados"," 2014","","96.9","",""
"Barbados"," 2013","","98.0","",""
"Barbados"," 2012","70","81.0","",""
"Barbados"," 2010-2012","","87.9","21.3",""
"Barbados"," 2011","","89.0","",""
"Belarus"," 2014","","","27.1","99.8"
"Belarus"," 2012","74.2","","",""
"Belarus"," 2010-2012","","99.7","",""
"Belgium"," 2013","","","21.2",""
"Belize"," 2017","","","","92.2"
"Belize"," 2016","65.9","","",""
"Belize"," 2013-2016","","92.6","34.2",""
"Belize"," 2009-2011","","83.1","",""
"Belize"," 1994-1999","","66.4","",""
"Belize"," 1986-1991","","76.4","",""
"Benin"," 2012-2018","","52.1","","78.1"
"Benin"," 2014","24.5","","",""
"Benin"," 2012-2014","","58.7","5.3",""
"Benin"," 2006-2012","","58.2","",""
"Benin"," 2001-2006","","60.5","",""
"Benin"," 1996-2001","","61.6","",""
"Benin"," 1993-1996","","53.7","",""
"Bhutan"," 2018","","","","96.4"
"Bhutan"," 2013-2015","","84.9","",""
"Bhutan"," 2010-2012","","81.5","",""
"Bhutan"," 2010","84.6","","",""
"Bhutan"," 2008-2010","","77.3","12.4",""
"Bolivia (Plurinational State of)"," 2017","","85.3","","71.3"
"Bolivia (Plurinational State of)"," 2016","","89.9","",""
"Bolivia (Plurinational State of)"," 2011-2016","","85.6","33.4",""
"Bolivia (Plurinational State of)"," 2013","","58.8","",""
"Bolivia (Plurinational State of)"," 2007-2012","","75.3","",""
"Bolivia (Plurinational State of)"," 2011","","58.5","",""
"Bolivia (Plurinational State of)"," 2008","42.8","","",""
"Bolivia (Plurinational State of)"," 2003-2008","","72.1","",""
"Bolivia (Plurinational State of)"," 1998-2003","","57.9","",""
"Bolivia (Plurinational State of)"," 1995-1998","","48.0","",""
"Bosnia and Herzegovina"," 2017","","","","99.9"
"Bosnia and Herzegovina"," 2014","","","24.0",""
"Bosnia and Herzegovina"," 2012","21.9","","",""
"Bosnia and Herzegovina"," 2009-2011","","84.2","",""
"Botswana"," 2016","","","","99.7"
"Botswana"," 2005-2007","","73.3","",""
"Brazil"," 2016","","91.3","","99.1"
"Brazil"," 2015","","90.9","55.5",""
"Brazil"," 2014","","90.0","",""
"Brazil"," 2013","","88.9","",""
"Brazil"," 2012","","88.7","",""
"Brazil"," 2011","","89.0","",""
"Brazil"," 2010","","90.2","",""
"Brazil"," 2009","","89.4","",""
"Brazil"," 2008","","89.3","",""
"Brazil"," 2007","89.3","88.7","",""
"Brazil"," 2006","","87.9","",""
"Brazil"," 2001-2006","","80.9","",""
"Brazil"," 2005","","86.7","",""
"Brazil"," 2004","","86.0","",""
"Brazil"," 2003","","84.7","",""
"Brazil"," 2002","","83.1","",""
"Brazil"," 2001","","80.8","",""
"Brazil"," 1997-2001","","45.6","",""
"Brazil"," 2000","","79.3","",""
"Brazil"," 1991-1996","","77.0","",""
"Brunei Darussalam"," 2017","","","","99.8"
"Brunei Darussalam"," 2016","","100.0","",""
"Brunei Darussalam"," 2012","","93.2","",""
"Brunei Darussalam"," 2011","","100.0","",""
"Brunei Darussalam"," 2009","","100.0","",""
"Bulgaria"," 2015","","","","99.8"
"Bulgaria"," 2014","","","39.1",""
"Burkina Faso"," 2017","45","","",""
"Burkina Faso"," 2010-2015","","47.2","3.7","79.8"
"Burkina Faso"," 2005-2010","","33.7","",""
"Burkina Faso"," 1998-2003","","17.6","",""
"Burkina Faso"," 1993-1999","","22.7","",""
"Burkina Faso"," 1988-1993","","22.6","",""
"Burundi"," 2017","39.3","","",""
"Burundi"," 2011-2017","","49.3","","85.1"
"Burundi"," 2005-2010","","33.4","4.0",""
"Cabo Verde"," 2016","","","","92.6"
"Cabo Verde"," 2000-2005","","72.3","",""
"Cabo Verde"," 1993-1998","","63.9","",""
"Cambodia"," 2014","56.4","","",""
"Cambodia"," 2009-2014","","75.6","6.3","89.0"
"Cambodia"," 2005-2010","","59.4","",""
"Cambodia"," 2000-2005","","27.0","",""
"Cambodia"," 1995-2000","","8.9","",""
"Cameroon"," 2014","40.1","","",""
"Cameroon"," 2012-2014","","58.8","2.4","64.7"
"Cameroon"," 2006-2011","","62.2","",""
"Cameroon"," 1999-2004","","60.4","",""
"Cameroon"," 1995-1998","","52.4","",""
"Cameroon"," 1986-1991","","49.0","",""
"Canada"," 2017","","","","97.9"
"Canada"," 2015","","","27.9",""
"Canada"," 2006-2007","","98.9","",""
"Central African Republic"," 2011","28.7","","",""
"Central African Republic"," 2008-2010","","38.1","4.5","40.0"
"Central African Republic"," 1991-1995","","39.7","",""
"Chad"," 2015","17.5","","",""
"Chad"," 2009-2015","","31.0","1.4","20.2"
"Chad"," 2008-2010","","23.1","",""
"Chad"," 1999-2004","","17.8","",""
"Chad"," 1991-1997","","14.8","",""
"Chile"," 2016","","","","99.7"
"Chile"," 2012","","","49.6",""
"China"," 2016","","","","99.9"
"China"," 2014","","","34.9",""
"Colombia"," 2018","","","","99.2"
"Colombia"," 2016","86.5","","45.8",""
"Colombia"," 2010-2015","","89.9","",""
"Colombia"," 2005-2010","","88.6","",""
"Colombia"," 2000-2005","","83.1","",""
"Colombia"," 1995-2000","","81.0","",""
"Colombia"," 1990-1995","","71.0","",""
"Colombia"," 1985-1990","","66.5","",""
"Comoros"," 2012","27.8","","",""
"Comoros"," 2007-2012","","48.9","9.6","82.2"
"Comoros"," 1993-1996","","52.0","",""
"Congo"," 2015","38.5","","",""
"Congo"," 2012-2015","","79.0","4.9","91.2"
"Congo"," 2006-2012","","78.9","",""
"Congo"," 2000-2005","","74.7","",""
"Cook Islands"," 2009","","","","100.0"
"Costa Rica"," 2017","","","","98.7"
"Costa Rica"," 2010-2015","","97.6","",""
"Costa Rica"," 2014","","","23.5",""
"Costa Rica"," 2011","89.1","","",""
"Costa Rica"," 2009-2011","","90.2","",""
"Costa Rica"," 2005-2010","","98.1","",""
"Costa Rica"," 1994-1999","","98.8","",""
"Côte d'Ivoire"," 2016","31.1","","",""
"Côte d'Ivoire"," 2014-2016","","","3.3",""
"Côte d'Ivoire"," 2013-2016","","51.3","","73.7"
"Côte d'Ivoire"," 2006-2012","","44.2","",""
"Côte d'Ivoire"," 2000-2005","","45.3","",""
"Côte d'Ivoire"," 1993-1999","","35.6","",""
"Côte d'Ivoire"," 1991-1994","","28.7","",""
"Croatia"," 2017","","","","99.9"
"Croatia"," 2016","","97.3","23.0",""
"Croatia"," 2015","","91.7","",""
"Croatia"," 2014","","93.0","",""
"Croatia"," 2013","","93.3","",""
"Croatia"," 2012","","95.1","",""
"Croatia"," 2011","","95.6","",""
"Croatia"," 2010","","95.0","",""
"Croatia"," 2009","","96.6","",""
"Croatia"," 2008","","96.7","",""
"Cuba"," 2017","","","","99.9"
"Cuba"," 2014","88.4","","",""
"Cuba"," 2012-2014","","97.8","40.4",""
"Cuba"," 2013","","100.0","",""
"Cuba"," 2012","","100.0","",""
"Cuba"," 2011","","100.0","",""
"Cyprus"," 2017","","","","96.0"
"Cyprus"," 2015","","","56.9",""
"Czechia"," 2017","","","","99.8"
"Czechia"," 2014","","96.3","",""
"Czechia"," 2013","","95.6","",""
"Czechia"," 2012","","95.6","25.9",""
"Czechia"," 2011","","95.2","",""
"Czechia"," 2010","","94.8","",""
"Czechia"," 2009","","94.7","",""
"Czechia"," 2008","","95.0","",""
"Czechia"," 2007","","95.4","",""
"Czechia"," 2006","","96.1","",""
"Czechia"," 2005","","96.6","",""
"Czechia"," 2004","","97.4","",""
"Czechia"," 2003","","97.7","",""
"Czechia"," 2002","","97.7","",""
"Czechia"," 2001","","97.9","",""
"Czechia"," 1993","","96.8","",""
"Democratic People's Republic of Korea"," 2015-2017","","93.7","","99.5"
"Democratic People's Republic of Korea"," 2007-2009","","93.5","12.5",""
"Democratic People's Republic of Korea"," 2002-2004","","94.9","",""
"Democratic Republic of the Congo"," 2014","15.6","","",""
"Democratic Republic of the Congo"," 2008-2014","","48.0","5.1","80.1"
"Democratic Republic of the Congo"," 2008-2010","","43.8","",""
"Democratic Republic of the Congo"," 2002-2007","","46.7","",""
"Denmark"," 2017","","","","94.7"
"Denmark"," 2016","","","19.5",""
"Djibouti"," 2007-2012","","25.7","11.0","87.4"
"Djibouti"," 1997-2002","","7.1","",""
"Dominica"," 2017","","84.7","","97.0"
"Dominica"," 2016","","70.0","",""
"Dominican Republic"," 2016","","","","99.8"
"Dominican Republic"," 2014","84.1","","",""
"Dominican Republic"," 2008-2013","","95.4","",""
"Dominican Republic"," 2012","","92.9","58.1",""
"Dominican Republic"," 2002-2007","","94.5","",""
"Dominican Republic"," 1997-2002","","93.5","",""
"Dominican Republic"," 1999-2000","","89.9","",""
"Dominican Republic"," 1991-1996","","87.6","",""
"Dominican Republic"," 1991","","85.0","",""
"Ecuador"," 2017","","","","96.4"
"Ecuador"," 2015","","","49.0",""
"Ecuador"," 2013","","79.5","",""
"Ecuador"," 2012","80.7","79.5","",""
"Ecuador"," 1999-2004","","57.5","",""
"Ecuador"," 1994-1999","","65.5","",""
"Ecuador"," 1989-1994","","63.6","",""
"Egypt"," 2014","80","","",""
"Egypt"," 2009-2014","","82.8","51.8","91.5"
"Egypt"," 2003-2008","","66.0","",""
"Egypt"," 2000-2005","","58.5","",""
"Egypt"," 1998-2003","","55.6","",""
"Egypt"," 1995-2000","","36.7","",""
"Egypt"," 1993-1998","","33.1","",""
"Egypt"," 1992-1997","","31.8","",""
"Egypt"," 1990-1995","","28.3","",""
"Egypt"," 1987-1992","","22.5","",""
"El Salvador"," 2017","","82.0","","99.9"
"El Salvador"," 2016","","75.1","31.3",""
"El Salvador"," 2015","","74.0","",""
"El Salvador"," 2014","81.9","","",""
"El Salvador"," 2012-2014","","90.0","",""
"El Salvador"," 2003-2008","","78.3","",""
"El Salvador"," 1997-2003","","71.2","",""
"El Salvador"," 1993-1998","","58.9","",""
"Equatorial Guinea"," 2011","20.5","","",""
"Equatorial Guinea"," 2006-2011","","66.9","6.6","68.3"
"Eritrea"," 2010","19.6","","",""
"Eritrea"," 2005-2010","","57.4","2.8","34.1"
"Eritrea"," 1997-2002","","40.9","",""
"Eritrea"," 1992-1995","","26.6","",""
"Estonia"," 2017","","95.6","","99.2"
"Estonia"," 2016","","92.2","20.3",""
"Estonia"," 2015","","94.4","",""
"Estonia"," 2014","","96.8","",""
"Estonia"," 2013","","97.3","",""
"Estonia"," 2012","","97.4","",""
"Estonia"," 2011","","96.8","",""
"Estonia"," 2010","","97.1","",""
"Estonia"," 2009","","97.2","",""
"Estonia"," 2008","","96.9","",""
"Estonia"," 2007","","96.9","",""
"Estonia"," 2006","","96.8","",""
"Estonia"," 2005","","96.2","",""
"Estonia"," 2004","","96.0","",""
"Estonia"," 2003","","95.5","",""
"Estonia"," 2002","","94.0","",""
"Estonia"," 2001","","94.2","",""
"Estonia"," 2000","","94.0","",""
"Estonia"," 1999","","93.7","",""
"Estonia"," 1998","","93.6","",""
"Estonia"," 1997","","93.7","",""
"Estonia"," 1996","","93.7","",""
"Estonia"," 1995","","93.3","",""
"Estonia"," 1994","","92.1","",""
"Estonia"," 1993","","91.9","",""
"Estonia"," 1992","","92.1","",""
"Eswatini"," 2014","80.6","","",""
"Eswatini"," 2012-2014","","76.1","11.6","88.3"
"Eswatini"," 2008-2010","","76.6","",""
"Eswatini"," 2001-2007","","79.3","",""
"Ethiopia"," 2017","59.4","","",""
"Ethiopia"," 2011-2016","","31.8","1.9","27.7"
"Ethiopia"," 2009-2014","","32.1","",""
"Ethiopia"," 2005-2011","","19.1","",""
"Ethiopia"," 2000-2005","","12.2","",""
"Ethiopia"," 1995-2000","","10.4","",""
"Fiji"," 2016","","","","99.8"
"Fiji"," 2013","","93.6","",""
"Finland"," 2017","","","","99.9"
"Finland"," 2016","","","16.4",""
"Finland"," 2014","","98.0","",""
"Finland"," 2013","","98.6","",""
"Finland"," 2012","","98.8","",""
"Finland"," 2011","","98.7","",""
"Finland"," 2010","","99.1","",""
"Finland"," 2009","","99.1","",""
"Finland"," 2008","","99.3","",""
"Finland"," 2007","","99.3","",""
"Finland"," 2006","","99.3","",""
"Finland"," 2005","","99.2","",""
"Finland"," 2004","","99.3","",""
"Finland"," 2003","","99.3","",""
"Finland"," 2002","","99.4","",""
"Finland"," 2001","","99.5","",""
"Finland"," 2000","","99.3","",""
"France"," 2017","","","","98.0"
"France"," 2016","","99.2","19.6",""
"France"," 2010","","98.9","",""
"France"," 2003","","98.8","",""
"France"," 1998","","90.3","",""
"France"," 1995","","90.5","",""
"Gabon"," 2012","33.7","","",""
"Gabon"," 2007-2012","","77.6","10.0","89.3"
"Gabon"," 1995-2000","","63.3","",""
"Gambia"," 2013","23.9","","",""
"Gambia"," 2008-2013","","77.6","2.0","57.2"
"Gambia"," 2008-2010","","72.0","",""
"Georgia"," 2016","","81.2","","99.9"
"Georgia"," 2015","","88.3","41.4",""
"Georgia"," 2014","","86.9","",""
"Georgia"," 2013","","84.6","",""
"Georgia"," 2012","","84.2","",""
"Georgia"," 2011","","81.6","",""
"Georgia"," 2010","","83.1","",""
"Georgia"," 2005-2010","","90.2","",""
"Georgia"," 2009","","78.5","",""
"Georgia"," 2008","","71.8","",""
"Georgia"," 2007","","70.7","",""
"Georgia"," 2006","","68.0","",""
"Georgia"," 2005","","65.8","",""
"Georgia"," 2000-2005","","75.0","",""
"Georgia"," 2004","","59.4","",""
"Georgia"," 2003","","60.6","",""
"Georgia"," 2002","","61.3","",""
"Georgia"," 2001","","59.3","",""
"Georgia"," 2000","","61.6","",""
"Georgia"," 1999-2000","","75.6","",""
"Germany"," 2017","","","","98.7"
"Germany"," 2016","","","30.5",""
"Ghana"," 2017","46.2","","",""
"Ghana"," 2012-2017","","89.3","","78.1"
"Ghana"," 2009-2014","","87.3","12.8",""
"Ghana"," 2009-2011","","86.6","",""
"Ghana"," 2003-2008","","78.2","",""
"Ghana"," 2002-2007","","76.7","",""
"Ghana"," 1998-2003","","69.4","",""
"Ghana"," 1993-1998","","62.3","",""
"Ghana"," 1990-1993","","58.9","",""
"Greece"," 2017","","","","99.9"
"Grenada"," 2017","","67.0","","98.9"
"Grenada"," 2016","","59.8","",""
"Guatemala"," 2016","","","","69.2"
"Guatemala"," 2015","65.6","","",""
"Guatemala"," 2009-2015","","86.2","26.3",""
"Guatemala"," 1990-1995","","65.0","",""
"Guinea"," 2016","21.5","","",""
"Guinea"," 2014-2016","","","3.1",""
"Guinea"," 2013-2016","","50.6","","62.7"
"Guinea"," 2007-2012","","56.6","",""
"Guinea"," 2002-2007","","50.3","",""
"Guinea"," 2000-2005","","48.8","",""
"Guinea"," 1994-1999","","46.3","",""
"Guinea"," 1987-1992","","24.5","",""
"Guinea-Bissau"," 2014","37.6","","",""
"Guinea-Bissau"," 2012-2014","","64.9","3.9","45.0"
"Guinea-Bissau"," 2008-2010","","67.6","",""
"Guyana"," 2014","52.5","","",""
"Guyana"," 2012-2014","","86.7","16.9","85.7"
"Guyana"," 2013","","95.1","",""
"Guyana"," 2004-2009","","78.5","",""
"Haiti"," 2017","44","","",""
"Haiti"," 2011-2017","","66.6","","41.6"
"Haiti"," 2013","","","5.4",""
"Haiti"," 2007-2012","","67.3","",""
"Haiti"," 2000-2006","","53.8","",""
"Haiti"," 1995-2000","","44.2","",""
"Haiti"," 1989-1995","","35.6","",""
"Honduras"," 2017","","","","74.0"
"Honduras"," 2012","76","","",""
"Honduras"," 2006-2012","","88.9","18.6",""
"Honduras"," 2000-2006","","80.8","",""
"Honduras"," 1996-2000","","58.6","",""
"Honduras"," 1991-1996","","65.4","",""
"Honduras"," 1987-1992","","85.0","",""
"Hungary"," 2017","","","","99.7"
"Hungary"," 2014","","","36.4",""
"Iceland"," 2017","","97.9","",""
"Iceland"," 2016","","97.7","18.3","97.9"
"Iceland"," 2015","","98.1","",""
"Iceland"," 2014","","98.3","",""
"Iceland"," 2013","","98.7","",""
"Iceland"," 2012","","98.6","",""
"Iceland"," 2011","","98.2","",""
"Iceland"," 2010","","98.1","",""
"Iceland"," 2009","","98.2","",""
"Iceland"," 2008","","98.3","",""
"Iceland"," 2007","","98.6","",""
"Iceland"," 2006","","99.0","",""
"Iceland"," 2005","","98.4","",""
"Iceland"," 2004","","98.8","",""
"Iceland"," 2003","","99.0","",""
"Iceland"," 2002","","98.8","",""
"Iceland"," 2001","","98.8","",""
"India"," 2016","72","","",""
"India"," 2010-2016","","51.2","17.2","81.4"
"India"," 2010-2014","","45.4","",""
"India"," 2010-2011","","70.7","",""
"India"," 2009-2010","","72.0","",""
"India"," 2004-2008","","49.7","",""
"India"," 2000-2006","","37.0","",""
"India"," 1999-2004","","37.6","",""
"India"," 1995-1999","","29.5 44.2","",""
"India"," 1988-1993","","26.9","",""
"Indonesia"," 2016-2018","","","","93.6"
"Indonesia"," 2017","77.9","","",""
"Indonesia"," 2010-2013","","83.5","",""
"Indonesia"," 2007-2012","","87.8","12.3",""
"Indonesia"," 2002-2007","","81.5","",""
"Indonesia"," 1997-2003","","81.0","",""
"Indonesia"," 1992-1997","","69.1","",""
"Indonesia"," 1989-1994","","61.2","",""
"Indonesia"," 1986-1991","","55.4","",""
"Iran (Islamic Republic of)"," 2014","","","","99.0"
"Iran (Islamic Republic of)"," 2011","68.6","","",""
"Iran (Islamic Republic of)"," 2008-2010","","","45.6",""
"Iran (Islamic Republic of)"," 2005","","94.3","",""
"Iraq"," 2016-2018","","67.9","","95.6"
"Iraq"," 2012","","","24.4",""
"Iraq"," 2011","59.3","","",""
"Iraq"," 2009-2011","","49.6","",""
"Ireland"," 2016","","","","99.7"
"Ireland"," 2015","","","31.3",""
"Israel"," 2014","","","16.1",""
"Italy"," 2015","","87.3","","99.9"
"Italy"," 2014","","87.3","35.0",""
"Italy"," 2013","","86.5","",""
"Italy"," 2011","","85.9","",""
"Italy"," 2010","","84.6","",""
"Italy"," 2009","","84.2","",""
"Italy"," 2008","","84.6","",""
"Italy"," 2007","","84.4","",""
"Italy"," 2006","","84.5","",""
"Italy"," 2005","","82.9","",""
"Italy"," 2004","","84.5","",""
"Italy"," 2003","","68.1","",""
"Italy"," 2002","","64.4","",""
"Jamaica"," 2016","","","","97.6"
"Jamaica"," 2009-2011","","85.6","21.2",""
"Jamaica"," 2009","82.9","","",""
"Jamaica"," 2003-2009","","87.0","",""
"Jamaica"," 1997-2002","","90.1","",""
"Jamaica"," 1992-1997","","87.2","",""
"Jamaica"," 1988-1993","","80.9","",""
"Japan"," 2017","","","","99.8"
"Japan"," 2014","","","19.7",""
"Jordan"," 2013-2018","","","","99.7"
"Jordan"," 2012","58","","",""
"Jordan"," 2007-2012","","94.5","28.0",""
"Jordan"," 2002-2007","","94.1","",""
"Jordan"," 1997-2002","","90.9","",""
"Jordan"," 1992-1997","","86.2","",""
"Jordan"," 1985-1990","","67.1","",""
"Kazakhstan"," 2013-2015","","95.3","14.8","99.4"
"Kazakhstan"," 2011","79.6","","",""
"Kazakhstan"," 2008-2011","","87.0","",""
"Kazakhstan"," 1994-1999","","70.0","",""
"Kazakhstan"," 1992-1995","","81.9","",""
"Kenya"," 2016","77.6","","",""
"Kenya"," 2009-2014","","","","61.8"
"Kenya"," 2009","","57.6","8.7",""
"Kenya"," 2003-2009","","47.1","",""
"Kenya"," 1998-2003","","52.3","",""
"Kenya"," 1995-1998","","60.8","",""
"Kenya"," 1988-1993","","63.9","",""
"Kiribati"," 2010","","","","98.3"
"Kiribati"," 2009","35.8","","",""
"Kiribati"," 2004-2009","","70.5","9.6",""
"Kuwait"," 2016","","","","99.9"
"Kuwait"," 1996","","88.5","",""
"Kyrgyzstan"," 2012-2014","","94.6","7.4","98.4"
"Kyrgyzstan"," 2012","62.1","","",""
"Kyrgyzstan"," 2007-2012","","83.6","",""
"Kyrgyzstan"," 1994-1997","","81.1","",""
"Lao People's Democratic Republic"," 2015-2017","","62.2","","64.4"
"Lao People's Democratic Republic"," 2012","61.3","","",""
"Lao People's Democratic Republic"," 2009-2012","","36.9","3.7",""
"Lao People's Democratic Republic"," 2000-2005","","60.7","",""
"Latvia"," 2017","","see note","","99.9"
"Latvia"," 2016","","see note","21.7",""
"Latvia"," 2015","","see note","",""
"Latvia"," 2014","","see note","",""
"Latvia"," 2013","","see note","",""
"Latvia"," 2012","","see note","",""
"Latvia"," 2011","","see note","",""
"Latvia"," 2010","","see note","",""
"Latvia"," 2009","","see note","",""
"Latvia"," 2008","","see note","",""
"Latvia"," 2007","","see note","",""
"Lebanon"," 2016","","","47.1",""
"Lebanon"," 1999-2004","","","","98.2"
"Lebanon"," 1999-2000","","80.9","",""
"Lesotho"," 2014","76.1","","",""
"Lesotho"," 2009-2014","","74.4","9.7","77.9"
"Lesotho"," 2004-2009","","70.4","",""
"Lesotho"," 1999-2004","","69.6","",""
"Liberia"," 2013","37.2","","",""
"Liberia"," 2008-2013","","78.1","3.9","61.1"
"Liberia"," 2002-2007","","66.0","",""
"Liberia"," 1996-2000","","73.3","",""
"Libya"," 2013","","","","99.9"
"Libya"," 2007","29.6","","",""
"Lithuania"," 2015","","","21.9",""
"Lithuania"," 2014","","","","100.0"
"Luxembourg"," 2013","","97.5","30.5",""
"Luxembourg"," 2012","","97.3","",""
"Luxembourg"," 2011","","97.3","",""
"Luxembourg"," 2009","","","","99.9"
"Madagascar"," 2007-2013","","51.1","1.9","44.3"
"Madagascar"," 2009","49.6","","",""
"Madagascar"," 2003-2008","","49.3","",""
"Madagascar"," 1998-2004","","39.9","",""
"Madagascar"," 1994-1997","","39.7","",""
"Madagascar"," 1987-1992","","42.9","",""
"Malawi"," 2016","74.6","","",""
"Malawi"," 2015-2016","","","","89.8"
"Malawi"," 2010-2016","","50.6","6.1",""
"Malawi"," 2011-2014","","44.7","",""
"Malawi"," 2005-2010","","45.5","",""
"Malawi"," 1999-2004","","57.0","",""
"Malawi"," 1995-2000","","56.0","",""
"Malawi"," 1987-1992","","62.8","",""
"Malaysia"," 2016","","","","99.5"
"Malaysia"," 2006","","","15.7",""
"Maldives"," 2011-2017","","81.6","",""
"Maldives"," 2014","","","41.2","95.6"
"Maldives"," 2009","42.7","","",""
"Maldives"," 2004-2009","","85.1","",""
"Maldives"," 2004","","91.0","",""
"Mali"," 2015","46","","",""
"Mali"," 2013-2015","","38.0","2.0","43.7"
"Mali"," 2007-2013","","41.2","",""
"Mali"," 2001-2006","","35.4","",""
"Mali"," 1996-2001","","29.9","",""
"Mali"," 1990-1996","","25.8","",""
"Malta"," 2017","","","","99.7"
"Malta"," 2016","","","30.7",""
"Marshall Islands"," 2015-2017","","67.8","","92.4"
"Marshall Islands"," 2007","80.5","","",""
"Marshall Islands"," 2002-2007","","77.1","9.3",""
"Mauritania"," 2015","30.4","","",""
"Mauritania"," 2013-2015","","63.0","4.9","69.3"
"Mauritania"," 2009-2011","","48.4","",""
"Mauritania"," 1995-2001","","16.4","",""
"Mauritania"," 1985-1991","","7.8","",""
"Mauritius"," 2016","","","45.4","99.8"
"Mauritius"," 2014","41.9","","",""
"Mexico"," 2015","80.9","","",""
"Mexico"," 2013-2015","","94.3","40.7","97.7"
"Mexico"," 2009-2014","","see note","",""
"Mexico"," 2007-2012","","91.0","",""
"Mexico"," 2004-2009","","see note","",""
"Mexico"," 2002-2005","","see note","",""
"Micronesia (Federated States of)"," 2009","","","","100.0"
"Micronesia (Federated States of)"," 2006","","","10.5",""
"Monaco"," 2015","","","20.6",""
"Mongolia"," 2013","68.3","","",""
"Mongolia"," 2011-2013","","89.6","23.4","98.9"
"Mongolia"," 2008-2010","","81.4","",""
"Montenegro"," 2013","34.1","","",""
"Montenegro"," 2011-2013","","86.6","19.9","99.0"
"Morocco"," 2018","","","","86.6"
"Morocco"," 2017-2018","","53.5","",""
"Morocco"," 2015","","","15.2",""
"Morocco"," 2011","74.8","","",""
"Morocco"," 2006-2011","","55.3","",""
"Morocco"," 1998-2004","","30.5","",""
"Morocco"," 1990-1995","","12.0","",""
"Morocco"," 1987-1992","","8.0","",""
"Mozambique"," 2015","50.4","","",""
"Mozambique"," 2010-2015","","","","73.0"
"Mozambique"," 2006-2011","","50.6","3.9",""
"Mozambique"," 1998-2003","","53.1","",""
"Mozambique"," 1994-1997","","37.3","",""
"Myanmar"," 2016","75","","",""
"Myanmar"," 2015-2016","","","","60.2"
"Myanmar"," 2010-2016","","58.6","17.1",""
"Myanmar"," 2002-2007","","73.4","",""
"Myanmar"," 1996-2001","","38.3","",""
"Myanmar"," 1992-1997","","36.6","",""
"Namibia"," 2013","75.1","","",""
"Namibia"," 2008-2013","","62.5","14.4","88.2"
"Namibia"," 2001-2007","","70.4","",""
"Namibia"," 1995-2000","","69.1","",""
"Namibia"," 1987-1992","","55.8","",""
"Nauru"," 2007","42.5","","",""
"Nauru"," 2002-2007","","40.2","7.5","97.4"
"Nepal"," 2017","56.1","","",""
"Nepal"," 2011-2016","","69.4","9.0","58.0"
"Nepal"," 2012-2014","","59.5","",""
"Nepal"," 2006-2011","","50.1","",""
"Nepal"," 2001-2006","","29.4","",""
"Nepal"," 1996-2001","","14.3","",""
"Nepal"," 1993-1996","","8.8","",""
"Netherlands"," 2015","","","16.6",""
"Netherlands"," 1998","","","","100.0"
"New Zealand"," 2015","","","25.5","96.3"
"Nicaragua"," 2017","","","","89.6"
"Nicaragua"," 2012","89.8","","",""
"Nicaragua"," 2006-2012","","87.8","29.7",""
"Nicaragua"," 2001-2007","","77.7","",""
"Nicaragua"," 1996-2001","","71.6","",""
"Nicaragua"," 1993-1998","","61.6","",""
"Niger"," 2017","45.4","","",""
"Niger"," 2014-2015","","38.5","",""
"Niger"," 2012-2015","","","","39.7"
"Niger"," 2007-2012","","32.8","1.4",""
"Niger"," 2001-2006","","14.9","",""
"Niger"," 1995-1998","","11.4","",""
"Niger"," 1987-1992","","8.4","",""
"Nigeria"," 2017","26.3","","",""
"Nigeria"," 2014-2017","","","2.8",""
"Nigeria"," 2013-2017","","49.1","","43.0"
"Nigeria"," 2008-2013","","51.1","",""
"Nigeria"," 2009-2011","","56.6","",""
"Nigeria"," 2003-2008","","44.8","",""
"Nigeria"," 1998-2003","","47.4","",""
"Nigeria"," 1996-1999","","47.3","",""
"Nigeria"," 1985-1990","","52.0","",""
"Niue"," 2011","","","","100.0"
"Norway"," 2017","","","","99.2"
"Norway"," 2016","","","16.1",""
"Oman"," 2017","","77.1","",""
"Oman"," 2016","","74.5","19.5",""
"Oman"," 2015","","76.5","",""
"Oman"," 2014","39.6","71.3","","99.7"
"Oman"," 2013","","79.2","",""
"Oman"," 2012","","93.8 80.4","",""
"Oman"," 2011","","83.2","",""
"Oman"," 2010","","85.3","",""
"Oman"," 2009","","85.0","",""
"Oman"," 2008","","89.2","",""
"Oman"," 2007","","86.3","",""
"Oman"," 1995-2000","","84.1","",""
"Pakistan"," 2013-2018","","51.4","","69.0"
"Pakistan"," 2013","47","","",""
"Pakistan"," 2007-2013","","36.6","14.1",""
"Pakistan"," 2001-2007","","28.4","",""
"Pakistan"," 1985-1991","","14.2","",""
"Palau"," 2017","","","","100.0"
"Palau"," 2010","","81.0","",""
"Panama"," 2017","","","","94.2"
"Panama"," 2009-2015","","98.6","",""
"Panama"," 2013","75.9","","",""
"Panama"," 2011-2013","","87.9","27.7",""
"Papua New Guinea"," 2007","40.6","","",""
"Papua New Guinea"," 2003-2006","","54.9","","53.0"
"Papua New Guinea"," 1993-1996","","48.9","",""
"Paraguay"," 2017","","","","97.3"
"Paraguay"," 2016","82.6","77.7","",""
"Paraguay"," 2014-2016","","","45.9",""
"Paraguay"," 2015","","77.4","",""
"Paraguay"," 2014","","78.3","",""
"Paraguay"," 2013","","76.7","",""
"Paraguay"," 2003-2008","","90.5","",""
"Paraguay"," 1999-2004","","78.8","",""
"Paraguay"," 1995-1998","","64.7","",""
"Paraguay"," 1990-1996","","66.1","",""
"Paraguay"," 1985-1990","","65.0","",""
"Peru"," 2013-2018","","","","93.1"
"Peru"," 2012-2017","","94.3","",""
"Peru"," 2016","66.1","","",""
"Peru"," 2011-2016","","96.0","31.6",""
"Peru"," 2010-2015","","95.6","",""
"Peru"," 2009-2014","","94.7","",""
"Peru"," 2008-2013","","95.1","",""
"Peru"," 2007-2012","","94.4","",""
"Peru"," 2006-2011","","94.2","",""
"Peru"," 2005-2010","","92.9","",""
"Peru"," 2004-2009","","92.5","",""
"Peru"," 2002-2008","","91.6","",""
"Peru"," 1999-2006","","87.4","",""
"Peru"," 1995-2000","","69.0","",""
"Peru"," 1991-1996","","54.0","",""
"Peru"," 1986-1992","","47.0","",""
"Philippines"," 2012-2017","","86.5","","84.4"
"Philippines"," 2013","51.5","","",""
"Philippines"," 2008-2013","","84.3","9.3",""
"Philippines"," 2006-2011","","78.1","",""
"Philippines"," 2003-2008","","77.8","",""
"Philippines"," 1998-2003","","70.4","",""
"Philippines"," 1993-1998","","77.0","",""
"Philippines"," 1988-1993","","52.1","",""
"Poland"," 2017","","","","99.8"
"Poland"," 2014","","","35.6",""
"Portugal"," 2017","","","","98.8"
"Portugal"," 2011","","","35.2",""
"Qatar"," 2017","","","","100.0"
"Qatar"," 2012","68.9","","",""
"Qatar"," 2010-2012","","84.5","19.5",""
"Republic of Korea"," 2015","","98.1","",""
"Republic of Korea"," 2013-2015","","","39.1","100.0"
"Republic of Korea"," 2012","","96.8","",""
"Republic of Korea"," 2009","","97.4","",""
"Republic of Korea"," 2006","","98.6","",""
"Republic of Moldova"," 2014","","","18.4","99.7"
"Republic of Moldova"," 2012","60.4","","",""
"Republic of Moldova"," 2010-2012","","95.4","",""
"Republic of Moldova"," 2000-2005","","88.8","",""
"Republic of Moldova"," 1992-1997","","87.4","",""
"Romania"," 2015","","","","95.2"
"Romania"," 2013","","","40.1",""
"Romania"," 1999-2004","","76.0","",""
"Romania"," 1994-1999","","59.1","",""
"Romania"," 1988-1993","","73.8","",""
"Russian Federation"," 2014","","","","99.7"
"Russian Federation"," 2006-2011","","78.3","13.0",""
"Rwanda"," 2015","65.9","","",""
"Rwanda"," 2010-2015","","43.9","13.0","90.7"
"Rwanda"," 2005-2010","","35.4","",""
"Rwanda"," 2002-2008","","23.9","",""
"Rwanda"," 2000-2005","","13.3","",""
"Rwanda"," 1999-2000","","10.4","",""
"Rwanda"," 1987-1992","","12.0","",""
"Saint Kitts and Nevis"," 2015","","","","100.0"
"Saint Lucia"," 2017","","","","99.0"
"Saint Lucia"," 2012","72.4","","",""
"Saint Lucia"," 2010-2012","","90.3","18.5",""
"Saint Lucia"," 2009","","99.0","",""
"Saint Vincent and the Grenadines"," 2016","","","","98.6"
"Saint Vincent and the Grenadines"," 2009-2014","","72.9","",""
"Saint Vincent and the Grenadines"," 2004-2009","","58.4","",""
"Samoa"," 2014","39.4","","",""
"Samoa"," 2009-2014","","","4.6","82.5"
"San Marino"," 2016","","","27.5",""
"San Marino"," 2009","","99.5","",""
"Sao Tome and Principe"," 2014","50.3","","",""
"Sao Tome and Principe"," 2012-2014","","83.6","5.6","92.5"
"Sao Tome and Principe"," 2003-2009","","72.4","",""
"Saudi Arabia"," 2017","","","","99.7"
"Saudi Arabia"," 2016","","","30.2",""
"Senegal"," 2012-2017","","57.0","","68.4"
"Senegal"," 2016","47.4","","",""
"Senegal"," 2011-2016","","53.8","5.5",""
"Senegal"," 2010-2015","","46.7","",""
"Senegal"," 2007-2014","","48.1","",""
"Senegal"," 2007-2013","","46.5","",""
"Senegal"," 2005-2011","","50.0","",""
"Senegal"," 2000-2005","","39.8","",""
"Senegal"," 1994-1999","","63.7","",""
"Senegal"," 1992-1997","","16.6","",""
"Senegal"," 1987-1993","","13.3","",""
"Serbia"," 2014","25.1","","","99.9"
"Serbia"," 2012-2014","","93.9","28.8",""
"Serbia"," 2008-2010","","94.2","",""
"Seychelles"," 2016","","","28.2",""
"Seychelles"," 2012","","","","99.0"
"Sierra Leone"," 2012-2017","","77.5","","68.7"
"Sierra Leone"," 2013","37.5","","",""
"Sierra Leone"," 2008-2013","","76.0","2.9",""
"Sierra Leone"," 2008-2010","","74.7","",""
"Sierra Leone"," 2003-2008","","56.1","",""
"Singapore"," 2017","","","","99.6"
"Slovakia"," 2014","","","","98.5"
"Slovakia"," 2012","","","30.3",""
"Slovenia"," 2012","","","18.9","99.8"
"Solomon Islands"," 2015","38","","",""
"Solomon Islands"," 2010-2015","","68.9","5.9","86.2"
"Solomon Islands"," 2009","","65.0","",""
"Solomon Islands"," 2001-2007","","64.6","",""
"Somalia"," 2004-2006","","6.3","","9.4"
"South Africa"," 2016","77.9","","",""
"South Africa"," 2011-2016","","75.5","","96.7"
"South Africa"," 2006-2008","","87.1","",""
"South Africa"," 1998-2003","","56.1","",""
"South Africa"," 1993-1998","","73.1","",""
"South Sudan"," 2010","5.6","","",""
"South Sudan"," 2008-2010","","17.0","&lt;1.0","19.4"
"Spain"," 2014","","","27.3",""
"Sri Lanka"," 2016","74.1","","",""
"Sri Lanka"," 2015","","","33.2",""
"Sri Lanka"," 2001-2007","","92.5","","98.6"
"Sudan"," 2014","30.2","","",""
"Sudan"," 2012-2014","","50.7","9.1","77.7"
"Sudan"," 2008-2010","","47.1","",""
"Suriname"," 2015","","","","80.0"
"Suriname"," 2010","73.2","","",""
"Suriname"," 2008-2010","","66.8","19.0",""
"Sweden"," 2015","","","17.4",""
"Switzerland"," 2015","","","33.3",""
"Syrian Arab Republic"," 2009","53.3","","",""
"Syrian Arab Republic"," 2004-2009","","63.7","26.0","96.2"
"Syrian Arab Republic"," 1996-2001","","42.1","",""
"Tajikistan"," 2012-2017","","64.2","","94.8"
"Tajikistan"," 2012","50.8","","",""
"Tajikistan"," 2007-2012","","52.5","4.0",""
"Tajikistan"," 2005-2007","","49.4","",""
"Thailand"," 2016","89.2","","",""
"Thailand"," 2013-2016","","90.8","32.7","99.1"
"Thailand"," 2010-2012","","93.4","",""
"Thailand"," 2008-2009","","79.6","",""
"Republic of North Macedonia"," 2017","","","","99.9"
"Republic of North Macedonia"," 2011","22.3","","",""
"Republic of North Macedonia"," 2009-2011","","93.9","24.9",""
"Timor-Leste"," 2016","46.1","","",""
"Timor-Leste"," 2011-2016","","76.7","","56.7"
"Timor-Leste"," 2004-2010","","55.1","1.7",""
"Timor-Leste"," 1998-2003","","29.6","",""
"Togo"," 2014","32.1","","",""
"Togo"," 2008-2014","","57.2","6.5","44.6"
"Togo"," 2008-2010","","54.9","",""
"Togo"," 2000-2003","","53.5","",""
"Togo"," 1995-1998","","46.3","",""
"Tonga"," 2012","47.9","","",""
"Tonga"," 2007-2012","","70.4","17.4","95.5"
"Trinidad and Tobago"," 2017","","100.0","","100.0"
"Trinidad and Tobago"," 2016","","100.0","",""
"Trinidad and Tobago"," 2015","","100.0","",""
"Trinidad and Tobago"," 2014","","100.0","",""
"Trinidad and Tobago"," 2013","","100.0","",""
"Trinidad and Tobago"," 2012","","100.0","",""
"Trinidad and Tobago"," 2011","58.2","","",""
"Trinidad and Tobago"," 2007","","","18.4",""
"Tunisia"," 2012","73.2","","",""
"Tunisia"," 2009-2012","","85.1","26.7","73.6"
"Tunisia"," 2001-2006","","67.5","",""
"Tunisia"," 1999-2000","","57.3","",""
"Tunisia"," 1989-1995","","12.9","",""
"Turkey"," 2017","","","","98.0"
"Turkey"," 2013","59.7","","",""
"Turkey"," 2008-2013","","88.9","48.1",""
"Turkey"," 2003-2008","","73.7","",""
"Turkey"," 1998-2003","","53.9","",""
"Turkey"," 1993-1998","","42.0","",""
"Turkey"," 1988-1993","","35.9","",""
"Turkmenistan"," 2016","75.6","","",""
"Turkmenistan"," 2013-2016","","96.4","6.3","100.0"
"Turkmenistan"," 1995-2000","","82.8","",""
"Tuvalu"," 2007","41","","",""
"Tuvalu"," 2002-2007","","67.3","7.1","93.1"
"Uganda"," 2017","49.9","","",""
"Uganda"," 2011-2016","","59.9","","74.2"
"Uganda"," 2006-2011","","47.6","5.3",""
"Uganda"," 2001-2006","","47.2","",""
"Uganda"," 1995-2001","","41.9","",""
"Uganda"," 1991-1995","","47.2","",""
"Ukraine"," 2014","","","","99.9"
"Ukraine"," 2012","68","","",""
"Ukraine"," 2010-2012","","87.2","12.1",""
"Ukraine"," 2002-2007","","74.8","",""
"Ukraine"," 1994-1999","","91.0","",""
"United Arab Emirates"," 2015","","99.9","","99.9"
"United Arab Emirates"," 2014","","99.9","",""
"United Arab Emirates"," 2013","","99.9","23.9",""
"United Arab Emirates"," 1992-1995","","58.6","",""
"United Kingdom of Great Britain and Northern Ireland"," 2016-2017","","","31.2 27.8",""
"United Kingdom of Great Britain and Northern Ireland"," 2015-2016","","","25.6 29.9",""
"United Kingdom of Great Britain and Northern Ireland"," 1998","","","","99.0"
"United Republic of Tanzania"," 2016","52.9","","",""
"United Republic of Tanzania"," 2010-2016","","50.6","5.9","63.5"
"United Republic of Tanzania"," 2005-2010","","42.8","",""
"United Republic of Tanzania"," 1999-2004","","61.5","",""
"United Republic of Tanzania"," 1994-1999","","69.9","",""
"United Republic of Tanzania"," 1991-1996","","69.5","",""
"United Republic of Tanzania"," 1986-1992","","69.5","",""
"United States of America"," 2017","","","","99.1"
"United States of America"," 2015","","92.0","32.0",""
"United States of America"," 2014","","92.2","",""
"United States of America"," 2013","","93.6","",""
"United States of America"," 2012","","96.6","",""
"United States of America"," 2010","","96.6","",""
"Uruguay"," 2017","","96.5","","99.7"
"Uruguay"," 2015","","96.1","39.4",""
"Uruguay"," 2014","","95.9","",""
"Uruguay"," 2013","","95.4","",""
"Uruguay"," 2011-2013","","76.8","",""
"Uruguay"," 2012","","94.2","",""
"Uruguay"," 2011","","90.9","",""
"Uruguay"," 2010","","91.1","",""
"Uruguay"," 2009","","91.1","",""
"Uruguay"," 2008","","89.5","",""
"Uruguay"," 2007","","89.0","",""
"Uruguay"," 2006","","89.0","",""
"Uruguay"," 2005","","88.7","",""
"Uruguay"," 2004","","88.7","",""
"Uruguay"," 2003","","87.0","",""
"Uruguay"," 2002","","86.3","",""
"Uruguay"," 2001","","85.0","",""
"Uruguay"," 2000","","79.7","",""
"Uruguay"," 1999","","79.5","",""
"Uruguay"," 1997","","80.4","",""
"Uruguay"," 1996","","78.4","",""
"Uzbekistan"," 2015","","","13.6","100.0"
"Uzbekistan"," 1993-1996","","78.5","",""
"Vanuatu"," 2013","50.7","","",""
"Vanuatu"," 2008-2013","","51.8","11.9","89.4"
"Venezuela (Bolivarian Republic of)"," 2017","","83.8","","95.4"
"Venezuela (Bolivarian Republic of)"," 2016","","96.2","",""
"Venezuela (Bolivarian Republic of)"," 2014","","86.9","",""
"Venezuela (Bolivarian Republic of)"," 2012","","61.0","",""
"Venezuela (Bolivarian Republic of)"," 2011","","47.0","",""
"Venezuela (Bolivarian Republic of)"," 2009","","","32.2",""
"Viet Nam"," 2014","69.7","","",""
"Viet Nam"," 2011-2014","","73.7","27.5","93.8"
"Viet Nam"," 2009-2011","","59.6","",""
"Viet Nam"," 1999-2002","","29.3","",""
"Viet Nam"," 1994-1997","","15.2","",""
"Yemen"," 2013","46.9","","",""
"Yemen"," 2008-2013","","25.1","4.8","44.7"
"Yemen"," 2007-2012","","28.2","",""
"Yemen"," 1998-2003","","13.9","",""
"Yemen"," 1992-1997","","11.4","",""
"Zambia"," 2014","63.8","","",""
"Zambia"," 2008-2014","","55.5","4.4","63.3"
"Zambia"," 2002-2007","","60.3","",""
"Zambia"," 1996-2002","","71.6","",""
"Zambia"," 1991-1996","","71.3","",""
"Zambia"," 1987-1992","","68.5","",""
"Zimbabwe"," 2015","85.2","","",""
"Zimbabwe"," 2010-2015","","75.7","5.8","78.1"
"Zimbabwe"," 2012-2014","","70.1","",""
"Zimbabwe"," 2005-2011","","64.8","",""
"Zimbabwe"," 2007-2009","","56.8","",""
"Zimbabwe"," 2000-2006","","71.1","",""
"Zimbabwe"," 1994-1999","","64.3","",""
"Zimbabwe"," 1991-1994","","74.0","",""
